,Example,Semantic Score,Difference Rate (%)
0,With Example,0.9993947911262512,1.176972230667883
1,Without Example,0.7135871347784996,69.54650252375882
