,Example,Semantic Score,Difference Rate (%),Accuracy(%)
0,With Example,0.999394791,1.176972231,98.82302777
1,Without Example,0.713587135,69.54650252,30.45349748
